{
    "T0": 8499.599649933216,
    "T1": -0.0214489635917023
}